County,State,Total Population,Population ages 25 to 44,Population ages 45 to 64,Population ages 65 and above,State,County,Tract
San Diego County,California,2773,432,970,875,06,073,000100
San Diego County,California,2158,642,633,503,06,073,000201
San Diego County,California,4828,2159,1197,509,06,073,000202
San Diego County,California,4946,2256,1289,858,06,073,000300
San Diego County,California,3916,2106,764,373,06,073,000400
San Diego County,California,2957,1373,725,400,06,073,000500
San Diego County,California,2921,1447,731,432,06,073,000600
San Diego County,California,4507,2310,1163,522,06,073,000700
San Diego County,California,4232,1745,1310,549,06,073,000800
San Diego County,California,5796,3138,1141,469,06,073,000900
San Diego County,California,5328,3187,1086,267,06,073,001000
San Diego County,California,3356,1673,787,225,06,073,001100
San Diego County,California,5983,2960,927,551,06,073,001200
San Diego County,California,6531,3089,1406,386,06,073,001300
San Diego County,California,3198,1586,761,246,06,073,001400
San Diego County,California,3894,1696,989,264,06,073,001500
San Diego County,California,5012,1834,1360,362,06,073,001600
San Diego County,California,4568,2189,1106,218,06,073,001700
San Diego County,California,5235,2026,1201,381,06,073,001800
San Diego County,California,3321,1350,1024,408,06,073,001900
San Diego County,California,3461,715,1229,881,06,073,002001
San Diego County,California,2656,1048,628,268,06,073,002002
San Diego County,California,4880,2281,1138,440,06,073,002100
San Diego County,California,3571,1195,682,47,06,073,002201
San Diego County,California,5333,1648,867,500,06,073,002202
San Diego County,California,3056,1101,636,190,06,073,002301
San Diego County,California,7468,2244,1666,489,06,073,002302
San Diego County,California,4758,1826,1127,160,06,073,002401
San Diego County,California,5107,1624,942,278,06,073,002402
San Diego County,California,6106,1651,1356,442,06,073,002501
San Diego County,California,6326,1743,1568,579,06,073,002502
San Diego County,California,5663,1856,1108,420,06,073,002601
San Diego County,California,4186,1271,888,155,06,073,002602
San Diego County,California,5972,2043,1173,544,06,073,002702
San Diego County,California,7390,2191,1739,623,06,073,002703
San Diego County,California,4757,1193,1286,574,06,073,002705
San Diego County,California,5602,1770,976,263,06,073,002707
San Diego County,California,5914,1749,1012,410,06,073,002708
San Diego County,California,3913,1243,748,172,06,073,002709
San Diego County,California,4524,1279,1033,360,06,073,002710
San Diego County,California,3396,1087,535,283,06,073,002711
San Diego County,California,4835,1419,1117,564,06,073,002712
San Diego County,California,3204,489,371,288,06,073,002801
San Diego County,California,5495,1922,1100,719,06,073,002803
San Diego County,California,5193,1142,946,368,06,073,002804
San Diego County,California,7176,2282,1464,619,06,073,002902
San Diego County,California,4125,1031,1095,464,06,073,002903
San Diego County,California,8445,1601,575,316,06,073,002904
San Diego County,California,4683,1450,1032,382,06,073,002905
San Diego County,California,4422,1229,884,587,06,073,003001
San Diego County,California,5151,1587,1238,559,06,073,003003
San Diego County,California,5116,1569,1131,315,06,073,003004
San Diego County,California,3846,1186,1053,466,06,073,003101
San Diego County,California,6559,1684,1719,950,06,073,003103
San Diego County,California,4373,1367,879,468,06,073,003105
San Diego County,California,6426,1961,1565,965,06,073,003107
San Diego County,California,3881,1111,838,358,06,073,003108
San Diego County,California,3373,1007,990,533,06,073,003109
San Diego County,California,7220,1710,1617,672,06,073,003111
San Diego County,California,4578,981,1425,461,06,073,003112
San Diego County,California,5635,1926,1415,922,06,073,003113
San Diego County,California,3768,937,1093,518,06,073,003114
San Diego County,California,7067,1747,1589,999,06,073,003115
San Diego County,California,5421,1522,1131,435,06,073,003201
San Diego County,California,4713,1294,1216,602,06,073,003202
San Diego County,California,3719,1034,885,658,06,073,003204
San Diego County,California,6506,1933,1426,922,06,073,003207
San Diego County,California,6841,1711,1931,665,06,073,003208
San Diego County,California,5421,1479,1405,427,06,073,003209
San Diego County,California,3496,965,823,561,06,073,003211
San Diego County,California,3715,807,976,768,06,073,003212
San Diego County,California,4448,1233,1322,638,06,073,003213
San Diego County,California,5278,1510,1354,550,06,073,003214
San Diego County,California,3440,1076,626,287,06,073,003301
San Diego County,California,4602,1503,768,363,06,073,003303
San Diego County,California,4312,1130,813,322,06,073,003304
San Diego County,California,5913,1462,1197,510,06,073,003305
San Diego County,California,6857,2298,1391,980,06,073,003401
San Diego County,California,3583,1060,832,284,06,073,003403
San Diego County,California,5209,1652,970,446,06,073,003404
San Diego County,California,5014,1415,901,302,06,073,003501
San Diego County,California,4880,1657,879,306,06,073,003502
San Diego County,California,2839,686,586,97,06,073,003601
San Diego County,California,3398,880,650,266,06,073,003602
San Diego County,California,4539,1384,881,368,06,073,003603
San Diego County,California,6640,1824,46,0,06,073,003800
San Diego County,California,4287,1155,860,271,06,073,003901
San Diego County,California,4811,1300,958,276,06,073,003902
San Diego County,California,5194,1478,1301,338,06,073,004000
San Diego County,California,7261,3365,1083,346,06,073,004100
San Diego County,California,6080,2056,1716,815,06,073,004200
San Diego County,California,3870,1711,983,341,06,073,004300
San Diego County,California,4014,1831,942,450,06,073,004400
San Diego County,California,2683,1228,624,111,06,073,004501
San Diego County,California,1877,1082,398,113,06,073,004600
San Diego County,California,1938,623,406,199,06,073,004700
San Diego County,California,4154,1571,614,190,06,073,004800
San Diego County,California,5477,1418,1296,515,06,073,004900
San Diego County,California,2528,788,395,156,06,073,005000
San Diego County,California,6643,2905,2017,621,06,073,005100
San Diego County,California,5808,3026,1312,475,06,073,005200
San Diego County,California,5461,2823,1260,857,06,073,005300
San Diego County,California,7255,3452,1736,1679,06,073,005400
San Diego County,California,216,77,0,0,06,073,005500
San Diego County,California,4277,2096,1069,810,06,073,005600
San Diego County,California,1641,858,410,200,06,073,005700
San Diego County,California,3078,1976,546,141,06,073,005800
San Diego County,California,3176,1721,695,441,06,073,005900
San Diego County,California,3881,1333,882,1067,06,073,006000
San Diego County,California,2365,1115,577,295,06,073,006100
San Diego County,California,23,7,0,0,06,073,006200
San Diego County,California,3335,629,5,0,06,073,006300
San Diego County,California,2967,965,891,616,06,073,006500
San Diego County,California,1726,710,78,9,06,073,006600
San Diego County,California,2404,951,612,372,06,073,006801
San Diego County,California,5626,1874,1168,502,06,073,006802
San Diego County,California,5660,1287,1486,783,06,073,006900
San Diego County,California,3097,646,992,724,06,073,007002
San Diego County,California,4711,731,1592,1211,06,073,007100
San Diego County,California,6140,829,1394,924,06,073,007200
San Diego County,California,4878,2373,1195,377,06,073,007301
San Diego County,California,2122,590,686,412,06,073,007302
San Diego County,California,6742,2826,1652,611,06,073,007400
San Diego County,California,4016,2084,755,224,06,073,007501
San Diego County,California,3030,1724,526,286,06,073,007502
San Diego County,California,4612,1537,991,834,06,073,007600
San Diego County,California,4022,1903,797,529,06,073,007701
San Diego County,California,3914,1809,706,388,06,073,007702
San Diego County,California,6044,3048,616,430,06,073,007800
San Diego County,California,4335,2134,565,358,06,073,007903
San Diego County,California,3047,1450,414,178,06,073,007905
San Diego County,California,3469,2087,481,111,06,073,007907
San Diego County,California,3229,1663,376,164,06,073,007908
San Diego County,California,3049,1622,425,175,06,073,007910
San Diego County,California,2984,1214,640,446,06,073,008002
San Diego County,California,4016,2020,725,437,06,073,008003
San Diego County,California,4051,1968,781,408,06,073,008006
San Diego County,California,3898,1503,884,828,06,073,008101
San Diego County,California,3367,776,1097,625,06,073,008102
San Diego County,California,2602,624,663,935,06,073,008200
San Diego County,California,3043,533,880,1004,06,073,008301
San Diego County,California,3545,433,1017,1381,06,073,008303
San Diego County,California,2070,1296,89,69,06,073,008305
San Diego County,California,3248,482,947,872,06,073,008306
San Diego County,California,3802,693,979,1053,06,073,008307
San Diego County,California,6042,1058,1656,1652,06,073,008310
San Diego County,California,3105,438,1050,775,06,073,008311
San Diego County,California,3701,745,1065,1096,06,073,008312
San Diego County,California,2156,350,707,591,06,073,008313
San Diego County,California,6885,1530,2194,1431,06,073,008324
San Diego County,California,5997,1497,1901,844,06,073,008327
San Diego County,California,5795,1323,1768,612,06,073,008328
San Diego County,California,6565,2805,1530,399,06,073,008329
San Diego County,California,5859,1400,1794,605,06,073,008330
San Diego County,California,2459,463,948,244,06,073,008331
San Diego County,California,15549,4683,4587,639,06,073,008333
San Diego County,California,9956,2326,3114,614,06,073,008335
San Diego County,California,2209,436,775,272,06,073,008336
San Diego County,California,4513,1190,1281,602,06,073,008337
San Diego County,California,2106,804,172,62,06,073,008339
San Diego County,California,8995,4644,990,749,06,073,008340
San Diego County,California,7941,2876,777,922,06,073,008341
San Diego County,California,5206,1949,571,287,06,073,008343
San Diego County,California,3523,919,897,729,06,073,008344
San Diego County,California,4108,708,1118,1185,06,073,008345
San Diego County,California,5021,1544,1656,520,06,073,008346
San Diego County,California,6837,2277,1901,789,06,073,008347
San Diego County,California,5836,2132,1456,625,06,073,008348
San Diego County,California,3890,1262,918,666,06,073,008349
San Diego County,California,6327,2210,1796,555,06,073,008350
San Diego County,California,4253,1462,1028,550,06,073,008351
San Diego County,California,4198,1302,1003,577,06,073,008352
San Diego County,California,5271,1356,1542,760,06,073,008353
San Diego County,California,7703,2838,1911,624,06,073,008354
San Diego County,California,3502,1014,990,360,06,073,008355
San Diego County,California,4244,1568,1084,450,06,073,008356
San Diego County,California,5349,1685,1404,491,06,073,008357
San Diego County,California,7477,2123,1866,1203,06,073,008358
San Diego County,California,4659,2141,700,211,06,073,008359
San Diego County,California,6484,2493,1506,674,06,073,008360
San Diego County,California,2493,1200,459,159,06,073,008361
San Diego County,California,3361,1060,823,367,06,073,008362
San Diego County,California,5627,2441,368,283,06,073,008363
San Diego County,California,5798,2963,865,327,06,073,008364
San Diego County,California,3287,839,1184,298,06,073,008365
San Diego County,California,7277,1804,2404,529,06,073,008366
San Diego County,California,5676,1929,1502,725,06,073,008501
San Diego County,California,6324,2170,1562,955,06,073,008502
San Diego County,California,6574,2202,1707,1076,06,073,008503
San Diego County,California,6045,1732,1522,1179,06,073,008504
San Diego County,California,6437,1984,2041,687,06,073,008505
San Diego County,California,4591,1459,1350,554,06,073,008506
San Diego County,California,8312,2023,2128,1263,06,073,008507
San Diego County,California,7811,2378,1901,1191,06,073,008509
San Diego County,California,6859,1874,1821,1314,06,073,008510
San Diego County,California,3750,1490,939,296,06,073,008511
San Diego County,California,4583,960,1444,859,06,073,008512
San Diego County,California,2945,759,895,454,06,073,008513
San Diego County,California,6860,2085,1569,598,06,073,008600
San Diego County,California,3336,1395,445,205,06,073,008701
San Diego County,California,5080,1567,1042,797,06,073,008702
San Diego County,California,7222,2336,1478,892,06,073,008800
San Diego County,California,4930,2059,1100,646,06,073,008901
San Diego County,California,2110,811,480,398,06,073,008902
San Diego County,California,4432,1264,814,353,06,073,009000
San Diego County,California,5710,1373,1907,1319,06,073,009101
San Diego County,California,3506,1267,822,494,06,073,009102
San Diego County,California,3574,1021,939,835,06,073,009103
San Diego County,California,3076,707,919,749,06,073,009104
San Diego County,California,4634,704,562,368,06,073,009106
San Diego County,California,4604,1887,736,456,06,073,009107
San Diego County,California,5668,2033,802,422,06,073,009201
San Diego County,California,5726,1952,1541,621,06,073,009202
San Diego County,California,4860,2009,1000,521,06,073,009301
San Diego County,California,8582,4020,1601,639,06,073,009304
San Diego County,California,4972,1704,1019,484,06,073,009305
San Diego County,California,5678,2171,1515,673,06,073,009306
San Diego County,California,5110,1055,53,0,06,073,009400
San Diego County,California,3995,1293,928,739,06,073,009502
San Diego County,California,6491,1447,1924,607,06,073,009504
San Diego County,California,7160,1921,2252,1017,06,073,009505
San Diego County,California,4316,1108,1333,612,06,073,009506
San Diego County,California,3498,948,886,543,06,073,009507
San Diego County,California,4018,1778,741,304,06,073,009509
San Diego County,California,4780,1871,183,19,06,073,009510
San Diego County,California,4418,1714,83,47,06,073,009511
San Diego County,California,3870,1048,1106,854,06,073,009602
San Diego County,California,5097,2350,1084,617,06,073,009603
San Diego County,California,3767,1281,922,503,06,073,009604
San Diego County,California,3490,845,1037,700,06,073,009703
San Diego County,California,5817,1542,1473,1169,06,073,009704
San Diego County,California,3833,878,976,826,06,073,009705
San Diego County,California,7260,1412,2098,1955,06,073,009706
San Diego County,California,5130,950,1404,1305,06,073,009801
San Diego County,California,6352,1969,1691,906,06,073,009802
San Diego County,California,4630,1025,1301,1016,06,073,009804
San Diego County,California,4833,1195,1464,924,06,073,009805
San Diego County,California,808,262,0,0,06,073,009901
San Diego County,California,0,0,0,0,06,073,009902
San Diego County,California,3597,853,1028,614,06,073,010001
San Diego County,California,6390,1586,1430,1118,06,073,010003
San Diego County,California,4654,918,1278,858,06,073,010004
San Diego County,California,7939,1968,1691,1075,06,073,010005
San Diego County,California,7173,2025,1397,383,06,073,010009
San Diego County,California,5764,1221,1384,1064,06,073,010010
San Diego County,California,4238,1120,1019,501,06,073,010011
San Diego County,California,5229,1485,1000,533,06,073,010012
San Diego County,California,5844,1721,1171,563,06,073,010013
San Diego County,California,20851,6958,5159,1268,06,073,010014
San Diego County,California,2872,912,577,151,06,073,010015
San Diego County,California,6574,1883,1387,531,06,073,010103
San Diego County,California,3625,911,930,434,06,073,010104
San Diego County,California,6369,1830,1427,651,06,073,010106
San Diego County,California,6864,1904,1585,862,06,073,010107
San Diego County,California,5016,1445,1015,748,06,073,010109
San Diego County,California,8674,2147,2273,782,06,073,010110
San Diego County,California,3488,934,856,407,06,073,010111
San Diego County,California,4979,1397,934,368,06,073,010112
San Diego County,California,6332,1896,1543,900,06,073,010200
San Diego County,California,4852,1378,1076,716,06,073,010300
San Diego County,California,2513,773,594,177,06,073,010401
San Diego County,California,6063,2082,1139,349,06,073,010402
San Diego County,California,1466,367,473,244,06,073,010501
San Diego County,California,5891,1787,1270,387,06,073,010502
San Diego County,California,2623,316,841,878,06,073,010601
San Diego County,California,2760,590,973,454,06,073,010800
San Diego County,California,2063,357,666,557,06,073,010900
San Diego County,California,3646,1124,944,829,06,073,011000
San Diego County,California,4627,1026,1342,826,06,073,011100
San Diego County,California,2913,920,45,0,06,073,011300
San Diego County,California,5687,1597,1299,300,06,073,011601
San Diego County,California,3660,1087,811,322,06,073,011602
San Diego County,California,6501,1849,1764,1039,06,073,011700
San Diego County,California,3770,1212,934,362,06,073,011801
San Diego County,California,7688,2398,1488,434,06,073,011802
San Diego County,California,5631,1535,1406,1260,06,073,011902
San Diego County,California,3772,673,1057,780,06,073,012002
San Diego County,California,3586,1084,876,444,06,073,012003
San Diego County,California,2517,646,534,323,06,073,012101
San Diego County,California,3915,1102,905,402,06,073,012102
San Diego County,California,3410,1000,751,351,06,073,012200
San Diego County,California,1729,526,319,330,06,073,012302
San Diego County,California,3659,884,930,872,06,073,012303
San Diego County,California,3468,1027,782,535,06,073,012304
San Diego County,California,3867,1069,895,447,06,073,012401
San Diego County,California,5357,1468,1376,580,06,073,012402
San Diego County,California,2876,658,693,589,06,073,012501
San Diego County,California,4656,1452,961,365,06,073,012502
San Diego County,California,4502,1124,1225,490,06,073,012600
San Diego County,California,5057,1558,1149,632,06,073,012700
San Diego County,California,3856,1032,982,583,06,073,012800
San Diego County,California,3319,898,807,511,06,073,012900
San Diego County,California,6617,2030,1380,864,06,073,013000
San Diego County,California,6829,2030,1489,681,06,073,013102
San Diego County,California,2725,752,700,297,06,073,013103
San Diego County,California,5970,1772,1135,762,06,073,013104
San Diego County,California,7276,1861,1378,957,06,073,013203
San Diego County,California,3989,1085,995,455,06,073,013204
San Diego County,California,2392,600,428,249,06,073,013205
San Diego County,California,7202,1834,1484,1281,06,073,013206
San Diego County,California,5228,1411,1270,695,06,073,013301
San Diego County,California,5055,1373,1341,795,06,073,013302
San Diego County,California,5196,1596,1362,877,06,073,013303
San Diego County,California,4255,1458,944,448,06,073,013306
San Diego County,California,4419,1117,1090,654,06,073,013307
San Diego County,California,3765,929,825,322,06,073,013308
San Diego County,California,7212,1985,1874,923,06,073,013309
San Diego County,California,28861,8366,7019,2469,06,073,013310
San Diego County,California,11264,3607,2392,750,06,073,013311
San Diego County,California,2831,831,640,228,06,073,013312
San Diego County,California,14371,5155,2683,768,06,073,013313
San Diego County,California,19151,6303,3794,1090,06,073,013314
San Diego County,California,4199,1066,1287,824,06,073,013401
San Diego County,California,5438,1152,1507,908,06,073,013409
San Diego County,California,8159,2376,1896,1128,06,073,013410
San Diego County,California,5258,1223,1490,1050,06,073,013411
San Diego County,California,4848,1232,1443,872,06,073,013412
San Diego County,California,7766,2091,1967,1199,06,073,013414
San Diego County,California,1436,318,455,269,06,073,013415
San Diego County,California,3761,1043,925,576,06,073,013416
San Diego County,California,2227,482,738,329,06,073,013417
San Diego County,California,6124,1646,1523,822,06,073,013418
San Diego County,California,8331,2380,1954,791,06,073,013419
San Diego County,California,3599,1010,857,547,06,073,013420
San Diego County,California,4748,1086,1378,583,06,073,013421
San Diego County,California,5822,1595,1466,820,06,073,013503
San Diego County,California,3671,938,1089,479,06,073,013504
San Diego County,California,4840,1265,1452,697,06,073,013505
San Diego County,California,4280,1144,998,434,06,073,013506
San Diego County,California,5229,1355,1467,999,06,073,013601
San Diego County,California,6341,1846,1678,786,06,073,013604
San Diego County,California,6680,1349,2211,1039,06,073,013605
San Diego County,California,6971,1721,1757,1400,06,073,013606
San Diego County,California,2378,554,677,594,06,073,013701
San Diego County,California,5646,1583,1485,507,06,073,013702
San Diego County,California,4988,1351,1254,760,06,073,013801
San Diego County,California,3016,944,704,180,06,073,013802
San Diego County,California,4519,1132,1025,934,06,073,013903
San Diego County,California,3893,1206,1085,310,06,073,013905
San Diego County,California,5293,1485,1267,621,06,073,013906
San Diego County,California,4483,1234,900,286,06,073,013907
San Diego County,California,4432,1060,1119,364,06,073,013908
San Diego County,California,4590,1284,1158,507,06,073,013909
San Diego County,California,4575,1402,1140,643,06,073,014001
San Diego County,California,4541,1168,1081,575,06,073,014002
San Diego County,California,3886,1298,893,377,06,073,014101
San Diego County,California,4017,1020,1057,686,06,073,014102
San Diego County,California,6283,1597,1811,870,06,073,014200
San Diego County,California,4046,1163,1062,314,06,073,014300
San Diego County,California,3928,1326,737,602,06,073,014400
San Diego County,California,4014,1242,941,406,06,073,014500
San Diego County,California,4731,1549,977,777,06,073,014601
San Diego County,California,4975,1533,1185,748,06,073,014602
San Diego County,California,8044,2499,1973,919,06,073,014700
San Diego County,California,5096,1527,1146,977,06,073,014803
San Diego County,California,3900,1106,1040,982,06,073,014804
San Diego County,California,4405,1639,978,735,06,073,014805
San Diego County,California,2737,832,759,275,06,073,014806
San Diego County,California,4606,1509,1209,675,06,073,014901
San Diego County,California,3537,1226,930,386,06,073,014902
San Diego County,California,6489,2471,1389,812,06,073,015000
San Diego County,California,4973,1313,1347,748,06,073,015100
San Diego County,California,3734,865,1021,878,06,073,015200
San Diego County,California,3148,915,745,167,06,073,015301
San Diego County,California,3991,920,1186,1027,06,073,015302
San Diego County,California,2680,389,848,573,06,073,015403
San Diego County,California,8349,2174,1938,1059,06,073,015404
San Diego County,California,5661,1393,1672,900,06,073,015405
San Diego County,California,2714,543,880,532,06,073,015406
San Diego County,California,5102,1019,1786,865,06,073,015501
San Diego County,California,2849,707,879,431,06,073,015502
San Diego County,California,6169,1414,1858,725,06,073,015601
San Diego County,California,2305,365,811,478,06,073,015602
San Diego County,California,6498,1753,1632,550,06,073,015701
San Diego County,California,6792,1818,1544,972,06,073,015703
San Diego County,California,4113,1034,1192,359,06,073,015704
San Diego County,California,3421,992,745,396,06,073,015801
San Diego County,California,5039,1347,1184,893,06,073,015802
San Diego County,California,3646,1262,716,126,06,073,015901
San Diego County,California,5319,1621,1153,429,06,073,015902
San Diego County,California,2415,654,627,335,06,073,016000
San Diego County,California,6333,1575,2012,923,06,073,016100
San Diego County,California,5572,1364,1630,1181,06,073,016201
San Diego County,California,3367,1129,691,175,06,073,016202
San Diego County,California,5225,1563,1270,393,06,073,016301
San Diego County,California,5935,1795,1343,420,06,073,016302
San Diego County,California,5229,1233,1456,932,06,073,016401
San Diego County,California,8239,2416,2139,1005,06,073,016402
San Diego County,California,7268,1959,1705,653,06,073,016502
San Diego County,California,2961,938,694,338,06,073,016503
San Diego County,California,7507,2463,1682,473,06,073,016504
San Diego County,California,7296,1964,2071,1448,06,073,016605
San Diego County,California,4066,1020,1185,440,06,073,016606
San Diego County,California,6513,1934,1706,993,06,073,016607
San Diego County,California,2647,698,866,301,06,073,016608
San Diego County,California,5335,1432,1507,539,06,073,016609
San Diego County,California,4050,1069,1346,327,06,073,016610
San Diego County,California,5912,1593,1798,630,06,073,016612
San Diego County,California,1903,446,642,227,06,073,016613
San Diego County,California,4044,1172,1062,289,06,073,016614
San Diego County,California,3951,1529,1032,302,06,073,016615
San Diego County,California,4159,1115,1001,582,06,073,016616
San Diego County,California,3408,877,865,695,06,073,016617
San Diego County,California,9856,3205,2426,1140,06,073,016701
San Diego County,California,7268,1957,1586,1279,06,073,016702
San Diego County,California,7238,1491,2212,1858,06,073,016802
San Diego County,California,7451,1935,1747,408,06,073,016804
San Diego County,California,4648,1203,1277,580,06,073,016806
San Diego County,California,7055,1736,2235,1107,06,073,016807
San Diego County,California,5408,1358,1556,669,06,073,016809
San Diego County,California,2976,686,1022,396,06,073,016810
San Diego County,California,4307,1067,1231,828,06,073,016811
San Diego County,California,6796,1459,1912,1073,06,073,016901
San Diego County,California,2591,676,829,292,06,073,016902
San Diego County,California,2848,413,1016,630,06,073,017006
San Diego County,California,4068,1014,1142,582,06,073,017009
San Diego County,California,3204,809,1030,289,06,073,017010
San Diego County,California,2447,119,628,1700,06,073,017014
San Diego County,California,7818,2028,2202,1556,06,073,017015
San Diego County,California,4802,1779,1103,566,06,073,017018
San Diego County,California,5977,852,1754,2560,06,073,017019
San Diego County,California,3753,661,1206,774,06,073,017020
San Diego County,California,2710,401,1129,488,06,073,017021
San Diego County,California,5812,1423,1608,866,06,073,017022
San Diego County,California,8964,1442,3190,1618,06,073,017029
San Diego County,California,20209,6120,4849,2257,06,073,017030
San Diego County,California,3854,1126,996,354,06,073,017031
San Diego County,California,14056,3782,3577,1162,06,073,017032
San Diego County,California,4823,1384,1503,570,06,073,017033
San Diego County,California,5291,1704,1295,484,06,073,017034
San Diego County,California,2893,838,709,351,06,073,017035
San Diego County,California,3576,967,961,357,06,073,017036
San Diego County,California,5877,1590,1555,703,06,073,017037
San Diego County,California,7482,2227,2172,853,06,073,017039
San Diego County,California,4867,1217,1524,657,06,073,017040
San Diego County,California,6058,1591,1724,685,06,073,017041
San Diego County,California,7660,2380,2092,435,06,073,017042
San Diego County,California,6611,2228,1727,349,06,073,017043
San Diego County,California,5705,1471,1709,438,06,073,017044
San Diego County,California,2778,643,948,289,06,073,017045
San Diego County,California,3680,872,1146,671,06,073,017046
San Diego County,California,4052,911,1297,586,06,073,017047
San Diego County,California,7429,2359,1366,554,06,073,017048
San Diego County,California,3266,882,844,313,06,073,017049
San Diego County,California,3263,877,881,542,06,073,017050
San Diego County,California,4570,979,1303,1173,06,073,017051
San Diego County,California,5218,1540,1353,704,06,073,017052
San Diego County,California,3308,454,1061,668,06,073,017053
San Diego County,California,5884,1062,1928,1313,06,073,017054
San Diego County,California,5298,1578,1487,471,06,073,017055
San Diego County,California,4466,1719,1103,321,06,073,017056
San Diego County,California,3839,928,1247,524,06,073,017104
San Diego County,California,4867,692,1443,1212,06,073,017106
San Diego County,California,2855,524,1101,364,06,073,017107
San Diego County,California,4862,1138,1549,770,06,073,017108
San Diego County,California,6575,1451,2456,488,06,073,017109
San Diego County,California,11377,2769,3027,1140,06,073,017110
San Diego County,California,4312,1058,1748,1015,06,073,017200
San Diego County,California,2852,745,975,424,06,073,017303
San Diego County,California,6232,2130,1603,1192,06,073,017304
San Diego County,California,2930,426,955,858,06,073,017305
San Diego County,California,2764,411,889,820,06,073,017306
San Diego County,California,6191,2344,1683,708,06,073,017401
San Diego County,California,5198,1033,1588,1289,06,073,017403
San Diego County,California,7091,1856,1734,1427,06,073,017404
San Diego County,California,2900,1200,741,450,06,073,017501
San Diego County,California,3814,1237,987,512,06,073,017502
San Diego County,California,5597,657,1562,2125,06,073,017601
San Diego County,California,2566,719,848,435,06,073,017603
San Diego County,California,7158,1844,1957,1203,06,073,017604
San Diego County,California,5273,1958,1435,495,06,073,017701
San Diego County,California,3107,1137,944,407,06,073,017702
San Diego County,California,6498,1700,1978,1160,06,073,017801
San Diego County,California,6242,965,2156,1534,06,073,017808
San Diego County,California,2431,516,741,386,06,073,017809
San Diego County,California,4782,1130,1506,965,06,073,017810
San Diego County,California,7461,2155,2287,1028,06,073,017811
San Diego County,California,4395,803,1372,1024,06,073,017813
San Diego County,California,7090,2383,1721,1027,06,073,017900
San Diego County,California,3274,1273,800,679,06,073,018000
San Diego County,California,6584,2089,1749,821,06,073,018100
San Diego County,California,7627,2571,1559,573,06,073,018200
San Diego County,California,2489,953,713,296,06,073,018300
San Diego County,California,3196,971,732,545,06,073,018400
San Diego County,California,7057,1831,1934,1204,06,073,018504
San Diego County,California,8823,2473,2288,1032,06,073,018507
San Diego County,California,4762,1658,864,405,06,073,018509
San Diego County,California,3268,1138,693,387,06,073,018510
San Diego County,California,4694,1409,1308,483,06,073,018511
San Diego County,California,3701,366,1024,1851,06,073,018512
San Diego County,California,9391,2726,2117,1147,06,073,018513
San Diego County,California,8310,2042,2602,1056,06,073,018514
San Diego County,California,4814,1292,1333,1061,06,073,018515
San Diego County,California,3914,1287,857,390,06,073,018516
San Diego County,California,4906,1306,1379,835,06,073,018517
San Diego County,California,3381,1123,830,206,06,073,018518
San Diego County,California,5919,1617,1353,635,06,073,018519
San Diego County,California,4949,1285,1481,520,06,073,018601
San Diego County,California,6645,2034,1400,410,06,073,018603
San Diego County,California,3224,1021,736,545,06,073,018608
San Diego County,California,6342,2217,1513,469,06,073,018609
San Diego County,California,8021,2305,1771,662,06,073,018610
San Diego County,California,8658,2209,2185,951,06,073,018611
San Diego County,California,3939,1162,982,372,06,073,018612
San Diego County,California,3731,1096,723,276,06,073,018613
San Diego County,California,6095,1780,1292,1383,06,073,018614
San Diego County,California,40616,10602,217,32,06,073,018700
San Diego County,California,3698,623,1257,1060,06,073,018801
San Diego County,California,8141,1459,2640,2611,06,073,018802
San Diego County,California,4779,1035,1404,1232,06,073,018803
San Diego County,California,5016,1456,1113,815,06,073,018903
San Diego County,California,6266,1819,1317,749,06,073,018904
San Diego County,California,6836,1851,1371,628,06,073,018905
San Diego County,California,6290,1709,1397,613,06,073,018906
San Diego County,California,6578,1130,2084,1742,06,073,019001
San Diego County,California,1692,404,545,320,06,073,019002
San Diego County,California,7446,2104,1395,671,06,073,019101
San Diego County,California,5351,1059,1849,1088,06,073,019103
San Diego County,California,6680,1444,1882,1662,06,073,019105
San Diego County,California,8976,1826,2874,1170,06,073,019106
San Diego County,California,1885,359,564,365,06,073,019107
San Diego County,California,2717,689,786,488,06,073,019203
San Diego County,California,6642,1933,1508,907,06,073,019205
San Diego County,California,6301,1782,1145,538,06,073,019206
San Diego County,California,9297,2734,2371,1530,06,073,019207
San Diego County,California,3213,634,1306,576,06,073,019208
San Diego County,California,7146,1839,2550,830,06,073,019301
San Diego County,California,7638,2023,2098,1204,06,073,019302
San Diego County,California,7182,2037,1889,845,06,073,019303
San Diego County,California,5634,1850,1370,514,06,073,019403
San Diego County,California,3312,1022,766,261,06,073,019404
San Diego County,California,4047,1414,739,176,06,073,019405
San Diego County,California,4914,1378,1376,579,06,073,019406
San Diego County,California,3633,1247,617,120,06,073,019501
San Diego County,California,5868,1929,952,166,06,073,019502
San Diego County,California,5192,1890,1284,201,06,073,019503
San Diego County,California,6559,1631,1906,675,06,073,019601
San Diego County,California,5001,1423,1380,664,06,073,019602
San Diego County,California,6808,2189,1499,853,06,073,019701
San Diego County,California,4963,1440,1319,729,06,073,019702
San Diego County,California,4650,1402,1348,550,06,073,019803
San Diego County,California,4510,1051,1489,747,06,073,019804
San Diego County,California,3917,1103,752,856,06,073,019805
San Diego County,California,12375,3533,2830,1794,06,073,019806
San Diego County,California,4639,745,930,2223,06,073,019808
San Diego County,California,4192,575,1408,1155,06,073,019809
San Diego County,California,4190,1258,1086,424,06,073,019902
San Diego County,California,4689,1411,1435,610,06,073,019903
San Diego County,California,7004,2259,1809,968,06,073,019904
San Diego County,California,4244,1323,1147,642,06,073,019905
San Diego County,California,13810,3600,4076,1523,06,073,020013
San Diego County,California,7571,2174,2299,1211,06,073,020014
San Diego County,California,4728,1095,1510,902,06,073,020015
San Diego County,California,9578,1767,3480,1251,06,073,020016
San Diego County,California,3432,1115,765,388,06,073,020017
San Diego County,California,8096,2607,1799,566,06,073,020018
San Diego County,California,7028,1324,1909,2284,06,073,020019
San Diego County,California,7608,2192,1773,528,06,073,020020
San Diego County,California,6244,1952,1388,368,06,073,020021
San Diego County,California,8002,2467,1922,814,06,073,020022
San Diego County,California,4137,1029,1135,541,06,073,020023
San Diego County,California,4203,1018,1124,954,06,073,020024
San Diego County,California,5175,1641,1071,603,06,073,020025
San Diego County,California,4387,816,1408,961,06,073,020026
San Diego County,California,15729,4552,3550,1980,06,073,020027
San Diego County,California,4226,1500,530,117,06,073,020028
San Diego County,California,5764,1700,1132,920,06,073,020029
San Diego County,California,10809,2493,3484,1547,06,073,020103
San Diego County,California,4013,1090,981,590,06,073,020105
San Diego County,California,3581,820,1029,528,06,073,020106
San Diego County,California,4125,1048,1149,443,06,073,020107
San Diego County,California,6022,1887,912,508,06,073,020108
San Diego County,California,5592,1978,1295,463,06,073,020109
San Diego County,California,7137,2388,1070,465,06,073,020202
San Diego County,California,5478,1750,1092,432,06,073,020206
San Diego County,California,5185,1884,706,159,06,073,020207
San Diego County,California,2638,713,622,236,06,073,020208
San Diego County,California,5307,1766,891,740,06,073,020209
San Diego County,California,4830,1489,1175,419,06,073,020210
San Diego County,California,7041,1957,1468,660,06,073,020211
San Diego County,California,3878,1351,493,200,06,073,020213
San Diego County,California,6074,1662,898,453,06,073,020214
San Diego County,California,6435,1135,2050,1294,06,073,020304
San Diego County,California,6068,1421,1856,1016,06,073,020305
San Diego County,California,8981,2945,1779,1065,06,073,020306
San Diego County,California,7593,1823,2339,1027,06,073,020307
San Diego County,California,5450,1739,1042,1171,06,073,020308
San Diego County,California,4371,1614,981,338,06,073,020309
San Diego County,California,2329,433,809,600,06,073,020401
San Diego County,California,4058,1156,1153,503,06,073,020403
San Diego County,California,4710,1645,1204,660,06,073,020404
San Diego County,California,3169,533,1125,837,06,073,020405
San Diego County,California,5569,1661,1017,525,06,073,020500
San Diego County,California,6041,1844,1215,247,06,073,020601
San Diego County,California,6074,1860,1421,590,06,073,020602
San Diego County,California,4991,1669,1068,752,06,073,020705
San Diego County,California,6359,1249,2121,1249,06,073,020706
San Diego County,California,5159,1671,1081,327,06,073,020707
San Diego County,California,3857,748,1165,556,06,073,020708
San Diego County,California,8036,1876,2682,955,06,073,020709
San Diego County,California,1638,313,584,385,06,073,020710
San Diego County,California,5349,934,2017,905,06,073,020801
San Diego County,California,3834,904,993,441,06,073,020805
San Diego County,California,6031,1519,1440,780,06,073,020806
San Diego County,California,2756,497,1085,438,06,073,020807
San Diego County,California,8308,2396,2452,649,06,073,020809
San Diego County,California,5281,1123,1905,628,06,073,020810
San Diego County,California,5828,1277,1895,863,06,073,020811
San Diego County,California,2265,587,668,364,06,073,020902
San Diego County,California,3000,657,795,908,06,073,020903
San Diego County,California,2191,381,643,592,06,073,020904
San Diego County,California,3219,486,1002,1063,06,073,021000
San Diego County,California,7219,1599,2101,1346,06,073,021100
San Diego County,California,3234,585,968,533,06,073,021202
San Diego County,California,5820,1116,1848,1260,06,073,021204
San Diego County,California,7537,1669,2009,1063,06,073,021205
San Diego County,California,2806,462,1024,619,06,073,021206
San Diego County,California,7999,2628,2243,626,06,073,021302
San Diego County,California,8863,1679,2820,1511,06,073,021303
San Diego County,California,2545,399,1016,496,06,073,021304
San Diego County,California,6963,2162,1347,808,06,073,021400
San Diego County,California,8860,1567,2983,734,06,073,021500
San Diego County,California,3669,1279,356,478,06,073,021600
San Diego County,California,2551,399,861,617,06,073,021800
San Diego County,California,5245,1769,419,231,06,073,021900
San Diego County,California,4265,974,1196,470,06,073,022000
San Diego County,California,9580,2735,2500,933,06,073,022100
San Diego County,California,0,0,0,0,06,073,990100
